unique_number,name
101001,John Doe
101002,Jane Smith
101003,Alice Brown
101004,Bob Wilson
101005,Charlie Davis
101006,Diana Evans
101007,Edward Franklin
101008,Fiona Grant
101009,George Harris
101010,Helen Irving
101011,Ian Jackson
101012,Julia Kennedy
101013,Kevin Lewis
101014,Laura Martinez
101015,Michael Nelson
101016,Nancy Oliver
101017,Oscar Parker
101018,Patricia Quinn
101019,Quincy Roberts
101020,Rachel Stevens
101021,Samuel Thompson
101022,Tara Underwood
101023,Uma Vance
101024,Victor Washington
101025,Wendy Xavier
101026,Xavier Young
101027,Yvette Zhang
101028,Zack Anderson
101029,Amy Baker
101030,Brandon Cooper
